--AREA
INSERT INTO AREA VALUES ('基隆市');
INSERT INTO AREA VALUES ('台北市');
INSERT INTO AREA VALUES ('新北市');
INSERT INTO AREA VALUES ('桃園市');
INSERT INTO AREA VALUES ('新竹市');
INSERT INTO AREA VALUES ('新竹縣');

 


INSERT INTO MEMBER ( ACCOUNT, PASSWORD, NAME, TYPE, EMAIL,CERTIFICATE_ID_NUMBER, BIRTH_DATE,TEL, MOBILE, COUNTY, DISTRICT, ADDRESS, EMAIL_VERTIFICATION, SIGN_UP_DATE)
VALUES('sheila1112','asdf','sheila', 'P', 'sheila000@gmail.com','A123456789', '1970/5/15','25644433', '0912356278','台北市','大安區','復興南路一段390號15樓', 'Y','2015-5-13');

INSERT INTO MEMBER (ACCOUNT, PASSWORD,NAME, TYPE, EMAIL, CERTIFICATE_ID_NUMBER ,BIRTH_DATE, TEL, MOBILE, COUNTY, DISTRICT, ADDRESS, EMAIL_VERTIFICATION, SIGN_UP_DATE)
VALUES('anchor1112','asdf','anchor', 'P', 'anchor001@gmail.com','B298766553','1985/3/6','25644433', '0912356278','台南市','安南區','大眾路360號', 'N','2015-2-23');

INSERT INTO MEMBER (ACCOUNT, PASSWORD,NAME, TYPE, EMAIL, CERTIFICATE_ID_NUMBER, BIRTH_DATE, ORG_FOUNDER, ORG_CEO,TEL, MOBILE, COUNTY, DISTRICT, ADDRESS,EMAIL_VERTIFICATION, SIGN_UP_DATE, ORG_IDENTITY_CONFIRMATION, ORG_CONTACT_PERSON, ORG_CONTACT_PERSON_MOBILE, ORG_CONTACT_PERSON_TEL , ORG_FOUND_PURPOSE, ORG_WEBSITE_LINK)
VALUES('jasmine1112','asdf','jasmine', 'O', 'jasmine002@gmail.com','F123456223','1990/12/27','Tom老師', '鄭正','25644433', '0912356278','台中市','東區','大勇街28號', 'N','2015-6-8','N','陳玉華','0925343233','25643772','','');

INSERT INTO MEMBER ( ACCOUNT, PASSWORD, NAME, TYPE, EMAIL,CERTIFICATE_ID_NUMBER, BIRTH_DATE,TEL, MOBILE, COUNTY, DISTRICT, ADDRESS, EMAIL_VERTIFICATION, SIGN_UP_DATE)
VALUES('sheila1112','asdf','sheila', 'P', 'sheila000@gmail.com','A123456789', '1970/5/15','25644433', '0912356278','台北市','大安區','復興南路一段390號15樓', 'Y','2015-5-13');

INSERT INTO MEMBER (ACCOUNT, PASSWORD,NAME, TYPE, EMAIL, CERTIFICATE_ID_NUMBER ,BIRTH_DATE, TEL, MOBILE, COUNTY, DISTRICT, ADDRESS, EMAIL_VERTIFICATION, SIGN_UP_DATE)
VALUES('anchor1112','asdf','anchor', 'P', 'anchor001@gmail.com','B298766553','1985/3/6','25644433', '0912356278','台南市','安南區','大眾路360號', 'N','2015-2-23');

INSERT INTO MEMBER (ACCOUNT, PASSWORD,NAME, TYPE, EMAIL, CERTIFICATE_ID_NUMBER, BIRTH_DATE, ORG_FOUNDER, ORG_CEO,TEL, MOBILE, COUNTY, DISTRICT, ADDRESS,EMAIL_VERTIFICATION, SIGN_UP_DATE, ORG_IDENTITY_CONFIRMATION, ORG_CONTACT_PERSON, ORG_CONTACT_PERSON_MOBILE, ORG_CONTACT_PERSON_TEL , ORG_FOUND_PURPOSE, ORG_WEBSITE_LINK)
VALUES('jasmine1112','asdf','jasmine', 'O', 'jasmine002@gmail.com','F123456223','1990/12/27','Tom老師', '鄭正','25644433', '0912356278','台中市','東區','大勇街28號', 'N','2015-6-8','N','陳玉華','0925343233','25643772','','');
INSERT INTO MEMBER ( ACCOUNT, PASSWORD, NAME, TYPE, EMAIL,CERTIFICATE_ID_NUMBER, BIRTH_DATE,TEL, MOBILE, COUNTY, DISTRICT, ADDRESS, EMAIL_VERTIFICATION, SIGN_UP_DATE)
VALUES('sheila1112','asdf','sheila', 'P', 'sheila000@gmail.com','A123456789', '1970/5/15','25644433', '0912356278','台北市','大安區','復興南路一段390號15樓', 'Y','2015-5-13');

INSERT INTO MEMBER (ACCOUNT, PASSWORD,NAME, TYPE, EMAIL, CERTIFICATE_ID_NUMBER ,BIRTH_DATE, TEL, MOBILE, COUNTY, DISTRICT, ADDRESS, EMAIL_VERTIFICATION, SIGN_UP_DATE)
VALUES('anchor1112','asdf','anchor', 'P', 'anchor001@gmail.com','B298766553','1985/3/6','25644433', '0912356278','台南市','安南區','大眾路360號', 'N','2015-2-23');

INSERT INTO MEMBER (ACCOUNT, PASSWORD,NAME, TYPE, EMAIL, CERTIFICATE_ID_NUMBER, BIRTH_DATE, ORG_FOUNDER, ORG_CEO,TEL, MOBILE, COUNTY, DISTRICT, ADDRESS,EMAIL_VERTIFICATION, SIGN_UP_DATE, ORG_IDENTITY_CONFIRMATION, ORG_CONTACT_PERSON, ORG_CONTACT_PERSON_MOBILE, ORG_CONTACT_PERSON_TEL , ORG_FOUND_PURPOSE, ORG_WEBSITE_LINK)
VALUES('jasmine1112','asdf','jasmine', 'O', 'jasmine002@gmail.com','F123456223','1990/12/27','Tom老師', '鄭正','25644433', '0912356278','台中市','東區','大勇街28號', 'N','2015-6-8','N','陳玉華','0925343233','25643772','','');
INSERT INTO MEMBER ( ACCOUNT, PASSWORD, NAME, TYPE, EMAIL,CERTIFICATE_ID_NUMBER, BIRTH_DATE,TEL, MOBILE, COUNTY, DISTRICT, ADDRESS, EMAIL_VERTIFICATION, SIGN_UP_DATE)
VALUES('sheila1112','asdf','sheila', 'P', 'sheila000@gmail.com','A123456789', '1970/5/15','25644433', '0912356278','台北市','大安區','復興南路一段390號15樓', 'Y','2015-5-13');

INSERT INTO MEMBER (ACCOUNT, PASSWORD,NAME, TYPE, EMAIL, CERTIFICATE_ID_NUMBER ,BIRTH_DATE, TEL, MOBILE, COUNTY, DISTRICT, ADDRESS, EMAIL_VERTIFICATION, SIGN_UP_DATE)
VALUES('anchor1112','asdf','anchor', 'P', 'anchor001@gmail.com','B298766553','1985/3/6','25644433', '0912356278','台南市','安南區','大眾路360號', 'N','2015-2-23');

INSERT INTO MEMBER (ACCOUNT, PASSWORD,NAME, TYPE, EMAIL, CERTIFICATE_ID_NUMBER, BIRTH_DATE, ORG_FOUNDER, ORG_CEO,TEL, MOBILE, COUNTY, DISTRICT, ADDRESS,EMAIL_VERTIFICATION, SIGN_UP_DATE, ORG_IDENTITY_CONFIRMATION, ORG_CONTACT_PERSON, ORG_CONTACT_PERSON_MOBILE, ORG_CONTACT_PERSON_TEL , ORG_FOUND_PURPOSE, ORG_WEBSITE_LINK)
VALUES('jasmine1112','asdf','jasmine', 'O', 'jasmine002@gmail.com','F123456223','1990/12/27','Tom老師', '鄭正','25644433', '0912356278','台中市','東區','大勇街28號', 'N','2015-6-8','N','陳玉華','0925343233','25643772','','');
INSERT INTO MEMBER ( ACCOUNT, PASSWORD, NAME, TYPE, EMAIL,CERTIFICATE_ID_NUMBER, BIRTH_DATE,TEL, MOBILE, COUNTY, DISTRICT, ADDRESS, EMAIL_VERTIFICATION, SIGN_UP_DATE)
VALUES('sheila1112','asdf','sheila', 'P', 'sheila000@gmail.com','A123456789', '1970/5/15','25644433', '0912356278','台北市','大安區','復興南路一段390號15樓', 'Y','2015-5-13');

INSERT INTO MEMBER (ACCOUNT, PASSWORD,NAME, TYPE, EMAIL, CERTIFICATE_ID_NUMBER ,BIRTH_DATE, TEL, MOBILE, COUNTY, DISTRICT, ADDRESS, EMAIL_VERTIFICATION, SIGN_UP_DATE)
VALUES('anchor1112','asdf','anchor', 'P', 'anchor001@gmail.com','B298766553','1985/3/6','25644433', '0912356278','台南市','安南區','大眾路360號', 'N','2015-2-23');
INSERT INTO MEMBER (ACCOUNT, PASSWORD,NAME, TYPE, EMAIL, CERTIFICATE_ID_NUMBER ,BIRTH_DATE, TEL, MOBILE, COUNTY, DISTRICT, ADDRESS, EMAIL_VERTIFICATION, SIGN_UP_DATE)
VALUES('anchor1112','asdf','anchor', 'P', 'anchor001@gmail.com','B298766553','1985/3/6','25644433', '0912356278','台南市','安南區','大眾路360號', 'N','2015-2-23');

INSERT INTO MEMBER (ACCOUNT, PASSWORD,NAME, TYPE, EMAIL, CERTIFICATE_ID_NUMBER, BIRTH_DATE, ORG_FOUNDER, ORG_CEO,TEL, MOBILE, COUNTY, DISTRICT, ADDRESS,EMAIL_VERTIFICATION, SIGN_UP_DATE, ORG_IDENTITY_CONFIRMATION, ORG_CONTACT_PERSON, ORG_CONTACT_PERSON_MOBILE, ORG_CONTACT_PERSON_TEL , ORG_FOUND_PURPOSE, ORG_WEBSITE_LINK)
VALUES('jasmine1112','asdf','jasmine', 'O', 'jasmine002@gmail.com','F123456223','1990/12/27','Tom老師', '鄭正','25644433', '0912356278','台中市','東區','大勇街28號', 'N','2015-6-8','N','陳玉華','0925343233','25643772','','');
INSERT INTO MEMBER ( ACCOUNT, PASSWORD, NAME, TYPE, EMAIL,CERTIFICATE_ID_NUMBER, BIRTH_DATE,TEL, MOBILE, COUNTY, DISTRICT, ADDRESS, EMAIL_VERTIFICATION, SIGN_UP_DATE)
VALUES('sheila1112','asdf','sheila', 'P', 'sheila000@gmail.com','A123456789', '1970/5/15','25644433', '0912356278','台北市','大安區','復興南路一段390號15樓', 'Y','2015-5-13');

INSERT INTO MEMBER (ACCOUNT, PASSWORD,NAME, TYPE, EMAIL, CERTIFICATE_ID_NUMBER ,BIRTH_DATE, TEL, MOBILE, COUNTY, DISTRICT, ADDRESS, EMAIL_VERTIFICATION, SIGN_UP_DATE)
VALUES('anchor1112','asdf','anchor', 'P', 'anchor001@gmail.com','B298766553','1985/3/6','25644433', '0912356278','台南市','安南區','大眾路360號', 'N','2015-2-23');

INSERT INTO MEMBER (ACCOUNT, PASSWORD,NAME, TYPE, EMAIL, CERTIFICATE_ID_NUMBER, BIRTH_DATE, ORG_FOUNDER, ORG_CEO,TEL, MOBILE, COUNTY, DISTRICT, ADDRESS,EMAIL_VERTIFICATION, SIGN_UP_DATE, ORG_IDENTITY_CONFIRMATION, ORG_CONTACT_PERSON, ORG_CONTACT_PERSON_MOBILE, ORG_CONTACT_PERSON_TEL , ORG_FOUND_PURPOSE, ORG_WEBSITE_LINK)
VALUES('jasmine1112','asdf','jasmine', 'O', 'jasmine002@gmail.com','F123456223','1990/12/27','Tom老師', '鄭正','25644433', '0912356278','台中市','東區','大勇街28號', 'N','2015-6-8','N','陳玉華','0925343233','25643772','','');
INSERT INTO MEMBER ( ACCOUNT, PASSWORD, NAME, TYPE, EMAIL,CERTIFICATE_ID_NUMBER, BIRTH_DATE,TEL, MOBILE, COUNTY, DISTRICT, ADDRESS, EMAIL_VERTIFICATION, SIGN_UP_DATE)
VALUES('sheila1112','asdf','sheila', 'P', 'sheila000@gmail.com','A123456789', '1970/5/15','25644433', '0912356278','台北市','大安區','復興南路一段390號15樓', 'Y','2015-5-13');

INSERT INTO MEMBER (ACCOUNT, PASSWORD,NAME, TYPE, EMAIL, CERTIFICATE_ID_NUMBER ,BIRTH_DATE, TEL, MOBILE, COUNTY, DISTRICT, ADDRESS, EMAIL_VERTIFICATION, SIGN_UP_DATE)
VALUES('anchor1112','asdf','anchor', 'P', 'anchor001@gmail.com','B298766553','1985/3/6','25644433', '0912356278','台南市','安南區','大眾路360號', 'N','2015-2-23');
INSERT INTO MEMBER ( ACCOUNT, PASSWORD, NAME, TYPE, EMAIL,CERTIFICATE_ID_NUMBER, BIRTH_DATE,TEL, MOBILE, COUNTY, DISTRICT, ADDRESS, EMAIL_VERTIFICATION, SIGN_UP_DATE)
VALUES('sheila1112','asdf','sheila', 'P', 'sheila000@gmail.com','A123456789', '1970/5/15','25644433', '0912356278','台北市','大安區','復興南路一段390號15樓', 'Y','2015-5-13');

INSERT INTO MEMBER (ACCOUNT, PASSWORD,NAME, TYPE, EMAIL, CERTIFICATE_ID_NUMBER ,BIRTH_DATE, TEL, MOBILE, COUNTY, DISTRICT, ADDRESS, EMAIL_VERTIFICATION, SIGN_UP_DATE)
VALUES('anchor1112','asdf','anchor', 'P', 'anchor001@gmail.com','B298766553','1985/3/6','25644433', '0912356278','台南市','安南區','大眾路360號', 'N','2015-2-23');

INSERT INTO MEMBER (ACCOUNT, PASSWORD,NAME, TYPE, EMAIL, CERTIFICATE_ID_NUMBER, BIRTH_DATE, ORG_FOUNDER, ORG_CEO,TEL, MOBILE, COUNTY, DISTRICT, ADDRESS,EMAIL_VERTIFICATION, SIGN_UP_DATE, ORG_IDENTITY_CONFIRMATION, ORG_CONTACT_PERSON, ORG_CONTACT_PERSON_MOBILE, ORG_CONTACT_PERSON_TEL , ORG_FOUND_PURPOSE, ORG_WEBSITE_LINK)
VALUES('jasmine1112','asdf','jasmine', 'O', 'jasmine002@gmail.com','F123456223','1990/12/27','Tom老師', '鄭正','25644433', '0912356278','台中市','東區','大勇街28號', 'N','2015-6-8','N','陳玉華','0925343233','25643772','','');

INSERT INTO MEMBER ( ACCOUNT, PASSWORD, NAME, TYPE, EMAIL,CERTIFICATE_ID_NUMBER, BIRTH_DATE,TEL, MOBILE, COUNTY, DISTRICT, ADDRESS, EMAIL_VERTIFICATION, SIGN_UP_DATE)
VALUES('sheila1112','asdf','sheila', 'P', 'sheila000@gmail.com','A123456789', '1970/5/15','25644433', '0912356278','台北市','大安區','復興南路一段390號15樓', 'Y','2015-5-13');

INSERT INTO MEMBER (ACCOUNT, PASSWORD,NAME, TYPE, EMAIL, CERTIFICATE_ID_NUMBER ,BIRTH_DATE, TEL, MOBILE, COUNTY, DISTRICT, ADDRESS, EMAIL_VERTIFICATION, SIGN_UP_DATE)
VALUES('anchor1112','asdf','anchor', 'P', 'anchor001@gmail.com','B298766553','1985/3/6','25644433', '0912356278','台南市','安南區','大眾路360號', 'N','2015-2-23');

INSERT INTO MEMBER (ACCOUNT, PASSWORD,NAME, TYPE, EMAIL, CERTIFICATE_ID_NUMBER, BIRTH_DATE, ORG_FOUNDER, ORG_CEO,TEL, MOBILE, COUNTY, DISTRICT, ADDRESS,EMAIL_VERTIFICATION, SIGN_UP_DATE, ORG_IDENTITY_CONFIRMATION, ORG_CONTACT_PERSON, ORG_CONTACT_PERSON_MOBILE, ORG_CONTACT_PERSON_TEL , ORG_FOUND_PURPOSE, ORG_WEBSITE_LINK)
VALUES('jasmine1112','asdf','jasmine', 'O', 'jasmine002@gmail.com','F123456223','1990/12/27','Tom老師', '鄭正','25644433', '0912356278','台中市','東區','大勇街28號', 'N','2015-6-8','N','陳玉華','0925343233','25643772','','');
INSERT INTO MEMBER ( ACCOUNT, PASSWORD, NAME, TYPE, EMAIL,CERTIFICATE_ID_NUMBER, BIRTH_DATE,TEL, MOBILE, COUNTY, DISTRICT, ADDRESS, EMAIL_VERTIFICATION, SIGN_UP_DATE)
VALUES('sheila1112','asdf','sheila', 'P', 'sheila000@gmail.com','A123456789', '1970/5/15','25644433', '0912356278','台北市','大安區','復興南路一段390號15樓', 'Y','2015-5-13');

INSERT INTO MEMBER (ACCOUNT, PASSWORD,NAME, TYPE, EMAIL, CERTIFICATE_ID_NUMBER ,BIRTH_DATE, TEL, MOBILE, COUNTY, DISTRICT, ADDRESS, EMAIL_VERTIFICATION, SIGN_UP_DATE)
VALUES('anchor1112','asdf','anchor', 'P', 'anchor001@gmail.com','B298766553','1985/3/6','25644433', '0912356278','台南市','安南區','大眾路360號', 'N','2015-2-23');

INSERT INTO MEMBER (ACCOUNT, PASSWORD,NAME, TYPE, EMAIL, CERTIFICATE_ID_NUMBER, BIRTH_DATE, ORG_FOUNDER, ORG_CEO,TEL, MOBILE, COUNTY, DISTRICT, ADDRESS,EMAIL_VERTIFICATION, SIGN_UP_DATE, ORG_IDENTITY_CONFIRMATION, ORG_CONTACT_PERSON, ORG_CONTACT_PERSON_MOBILE, ORG_CONTACT_PERSON_TEL , ORG_FOUND_PURPOSE, ORG_WEBSITE_LINK)
VALUES('jasmine1112','asdf','jasmine', 'O', 'jasmine002@gmail.com','F123456223','1990/12/27','Tom老師', '鄭正','25644433', '0912356278','台中市','東區','大勇街28號', 'N','2015-6-8','N','陳玉華','0925343233','25643772','','');
INSERT INTO MEMBER ( ACCOUNT, PASSWORD, NAME, TYPE, EMAIL,CERTIFICATE_ID_NUMBER, BIRTH_DATE,TEL, MOBILE, COUNTY, DISTRICT, ADDRESS, EMAIL_VERTIFICATION, SIGN_UP_DATE)
VALUES('sheila1112','asdf','sheila', 'P', 'sheila000@gmail.com','A123456789', '1970/5/15','25644433', '0912356278','台北市','大安區','復興南路一段390號15樓', 'Y','2015-5-13');

INSERT INTO MEMBER (ACCOUNT, PASSWORD,NAME, TYPE, EMAIL, CERTIFICATE_ID_NUMBER ,BIRTH_DATE, TEL, MOBILE, COUNTY, DISTRICT, ADDRESS, EMAIL_VERTIFICATION, SIGN_UP_DATE)
VALUES('anchor1112','asdf','anchor', 'P', 'anchor001@gmail.com','B298766553','1985/3/6','25644433', '0912356278','台南市','安南區','大眾路360號', 'N','2015-2-23');

INSERT INTO MEMBER (ACCOUNT, PASSWORD,NAME, TYPE, EMAIL, CERTIFICATE_ID_NUMBER, BIRTH_DATE, ORG_FOUNDER, ORG_CEO,TEL, MOBILE, COUNTY, DISTRICT, ADDRESS,EMAIL_VERTIFICATION, SIGN_UP_DATE, ORG_IDENTITY_CONFIRMATION, ORG_CONTACT_PERSON, ORG_CONTACT_PERSON_MOBILE, ORG_CONTACT_PERSON_TEL , ORG_FOUND_PURPOSE, ORG_WEBSITE_LINK)
VALUES('jasmine1112','asdf','jasmine', 'O', 'jasmine002@gmail.com','F123456223','1990/12/27','Tom老師', '鄭正','25644433', '0912356278','台中市','東區','大勇街28號', 'N','2015-6-8','N','陳玉華','0925343233','25643772','','');
INSERT INTO MEMBER ( ACCOUNT, PASSWORD, NAME, TYPE, EMAIL,CERTIFICATE_ID_NUMBER, BIRTH_DATE,TEL, MOBILE, COUNTY, DISTRICT, ADDRESS, EMAIL_VERTIFICATION, SIGN_UP_DATE)
VALUES('sheila1112','asdf','sheila', 'P', 'sheila000@gmail.com','A123456789', '1970/5/15','25644433', '0912356278','台北市','大安區','復興南路一段390號15樓', 'Y','2015-5-13');

INSERT INTO MEMBER (ACCOUNT, PASSWORD,NAME, TYPE, EMAIL, CERTIFICATE_ID_NUMBER ,BIRTH_DATE, TEL, MOBILE, COUNTY, DISTRICT, ADDRESS, EMAIL_VERTIFICATION, SIGN_UP_DATE)
VALUES('anchor1112','asdf','anchor', 'P', 'anchor001@gmail.com','B298766553','1985/3/6','25644433', '0912356278','台南市','安南區','大眾路360號', 'N','2015-2-23');
INSERT INTO MEMBER (ACCOUNT, PASSWORD,NAME, TYPE, EMAIL, CERTIFICATE_ID_NUMBER ,BIRTH_DATE, TEL, MOBILE, COUNTY, DISTRICT, ADDRESS, EMAIL_VERTIFICATION, SIGN_UP_DATE)
VALUES('anchor1112','asdf','anchor', 'P', 'anchor001@gmail.com','B298766553','1985/3/6','25644433', '0912356278','台南市','安南區','大眾路360號', 'N','2015-2-23');

INSERT INTO MEMBER (ACCOUNT, PASSWORD,NAME, TYPE, EMAIL, CERTIFICATE_ID_NUMBER, BIRTH_DATE, ORG_FOUNDER, ORG_CEO,TEL, MOBILE, COUNTY, DISTRICT, ADDRESS,EMAIL_VERTIFICATION, SIGN_UP_DATE, ORG_IDENTITY_CONFIRMATION, ORG_CONTACT_PERSON, ORG_CONTACT_PERSON_MOBILE, ORG_CONTACT_PERSON_TEL , ORG_FOUND_PURPOSE, ORG_WEBSITE_LINK)
VALUES('jasmine1112','asdf','jasmine', 'O', 'jasmine002@gmail.com','F123456223','1990/12/27','Tom老師', '鄭正','25644433', '0912356278','台中市','東區','大勇街28號', 'N','2015-6-8','N','陳玉華','0925343233','25643772','','');
INSERT INTO MEMBER ( ACCOUNT, PASSWORD, NAME, TYPE, EMAIL,CERTIFICATE_ID_NUMBER, BIRTH_DATE,TEL, MOBILE, COUNTY, DISTRICT, ADDRESS, EMAIL_VERTIFICATION, SIGN_UP_DATE)
VALUES('sheila1112','asdf','sheila', 'P', 'sheila000@gmail.com','A123456789', '1970/5/15','25644433', '0912356278','台北市','大安區','復興南路一段390號15樓', 'Y','2015-5-13');

INSERT INTO MEMBER (ACCOUNT, PASSWORD,NAME, TYPE, EMAIL, CERTIFICATE_ID_NUMBER ,BIRTH_DATE, TEL, MOBILE, COUNTY, DISTRICT, ADDRESS, EMAIL_VERTIFICATION, SIGN_UP_DATE)
VALUES('anchor1112','asdf','anchor', 'P', 'anchor001@gmail.com','B298766553','1985/3/6','25644433', '0912356278','台南市','安南區','大眾路360號', 'N','2015-2-23');

INSERT INTO MEMBER (ACCOUNT, PASSWORD,NAME, TYPE, EMAIL, CERTIFICATE_ID_NUMBER, BIRTH_DATE, ORG_FOUNDER, ORG_CEO,TEL, MOBILE, COUNTY, DISTRICT, ADDRESS,EMAIL_VERTIFICATION, SIGN_UP_DATE, ORG_IDENTITY_CONFIRMATION, ORG_CONTACT_PERSON, ORG_CONTACT_PERSON_MOBILE, ORG_CONTACT_PERSON_TEL , ORG_FOUND_PURPOSE, ORG_WEBSITE_LINK)
VALUES('jasmine1112','asdf','jasmine', 'O', 'jasmine002@gmail.com','F123456223','1990/12/27','Tom老師', '鄭正','25644433', '0912356278','台中市','東區','大勇街28號', 'N','2015-6-8','N','陳玉華','0925343233','25643772','','');
INSERT INTO MEMBER ( ACCOUNT, PASSWORD, NAME, TYPE, EMAIL,CERTIFICATE_ID_NUMBER, BIRTH_DATE,TEL, MOBILE, COUNTY, DISTRICT, ADDRESS, EMAIL_VERTIFICATION, SIGN_UP_DATE)
VALUES('sheila1112','asdf','sheila', 'P', 'sheila000@gmail.com','A123456789', '1970/5/15','25644433', '0912356278','台北市','大安區','復興南路一段390號15樓', 'Y','2015-5-13');

INSERT INTO MEMBER (ACCOUNT, PASSWORD,NAME, TYPE, EMAIL, CERTIFICATE_ID_NUMBER ,BIRTH_DATE, TEL, MOBILE, COUNTY, DISTRICT, ADDRESS, EMAIL_VERTIFICATION, SIGN_UP_DATE)
VALUES('anchor1112','asdf','anchor', 'P', 'anchor001@gmail.com','B298766553','1985/3/6','25644433', '0912356278','台南市','安南區','大眾路360號', 'N','2015-2-23');





INSERT INTO Requests( member_id, JOB_TITLE, TIME_VALUE, job_Area, term_Type, service_Type) 
VALUES (1,'中華育幼機構關懷協會',2,1,2,1);
INSERT INTO Requests( member_id, JOB_TITLE, TIME_VALUE, job_Area, term_Type, service_Type) 
VALUES (1,'中華關懷協會',2,1,2,1);
INSERT INTO Requests( member_id, JOB_TITLE, TIME_VALUE, job_Area, term_Type, service_Type) 
VALUES (1,'育幼機構協會',2,1,2,1);
INSERT INTO Requests( member_id, JOB_TITLE, TIME_VALUE, job_Area, term_Type, service_Type) 
VALUES (2,'中華育幼機構關懷協會',2,2,2,2);
INSERT INTO Requests( member_id, JOB_TITLE, TIME_VALUE, job_Area, term_Type, service_Type) 
VALUES (3,'中華關懷協會',2,3,2,3);
INSERT INTO Requests( member_id, JOB_TITLE, TIME_VALUE, job_Area, term_Type, service_Type) 
VALUES (4,'育幼協會',2,4,2,4);
INSERT INTO Requests( member_id, JOB_TITLE, TIME_VALUE, job_Area, term_Type, service_Type) 
VALUES (1,'中華關懷協會',2,1,2,1);
INSERT INTO Requests( member_id, JOB_TITLE, TIME_VALUE, job_Area, term_Type, service_Type) 
VALUES (1,'育幼機構協會',2,1,2,1);
INSERT INTO Requests( member_id, JOB_TITLE, TIME_VALUE, job_Area, term_Type, service_Type) 
VALUES (2,'中華育幼機構關懷協會',2,2,2,2);
INSERT INTO Requests( member_id, JOB_TITLE, TIME_VALUE, job_Area, term_Type, service_Type) 
VALUES (3,'中華關懷協會',2,3,2,3);
INSERT INTO Requests( member_id, JOB_TITLE, TIME_VALUE, job_Area, term_Type, service_Type) 
VALUES (4,'育幼協會',2,4,2,4);

--ORDER_LIST
INSERT INTO ORDER_LIST(REQUESTS,SUPPLIER_ID,REQUESTER_ID,SUPPLIER_ACCEPTION,SERVICE_CONFIRMATION, STATUS) 
VALUES(2, 1, 4, 'Y', 'N', 3);

INSERT INTO ORDER_LIST(REQUESTS,SUPPLIER_ID,REQUESTER_ID,SUPPLIER_ACCEPTION,SERVICE_CONFIRMATION, STATUS) 
VALUES(2, 2, 3, 'N', 'Y', 3);

INSERT INTO ORDER_LIST(REQUESTS,SUPPLIER_ID,REQUESTER_ID,SUPPLIER_ACCEPTION,SERVICE_CONFIRMATION, STATUS) 
VALUES(3, 2, 5, 'Y', 'N', 2);

INSERT INTO ORDER_LIST(REQUESTS,SUPPLIER_ID,REQUESTER_ID,SUPPLIER_ACCEPTION,SERVICE_CONFIRMATION, STATUS) 
VALUES(5, 3, 1, 'N', 'Y', 4);

INSERT INTO ORDER_LIST(REQUESTS,SUPPLIER_ID,REQUESTER_ID,SUPPLIER_ACCEPTION,SERVICE_CONFIRMATION, STATUS) 
VALUES(4, 1, 4, 'Y', 'Y', 1);

INSERT INTO ORDER_LIST(REQUESTS,SUPPLIER_ID,REQUESTER_ID,SUPPLIER_ACCEPTION,SERVICE_CONFIRMATION, STATUS) 
VALUES(1, 2, 3, 'N', 'N', 2);

INSERT INTO ORDER_LIST(REQUESTS,SUPPLIER_ID,REQUESTER_ID,SUPPLIER_ACCEPTION,SERVICE_CONFIRMATION, STATUS) 
VALUES(3, 2, 5, 'Y', 'N', 3);

INSERT INTO ORDER_LIST(REQUESTS,SUPPLIER_ID,REQUESTER_ID,SUPPLIER_ACCEPTION,SERVICE_CONFIRMATION, STATUS) 
VALUES(5, 3, 1, 'N', 'Y', 4);

INSERT INTO ORDER_LIST(REQUESTS,SUPPLIER_ID,REQUESTER_ID,SUPPLIER_ACCEPTION,SERVICE_CONFIRMATION, STATUS) 
VALUES(2, 1, 4, 'Y', 'N', 3);

INSERT INTO ORDER_LIST(REQUESTS,SUPPLIER_ID,REQUESTER_ID,SUPPLIER_ACCEPTION,SERVICE_CONFIRMATION, STATUS) 
VALUES(2, 2, 3, 'N', 'Y', 3);

INSERT INTO ORDER_LIST(REQUESTS,SUPPLIER_ID,REQUESTER_ID,SUPPLIER_ACCEPTION,SERVICE_CONFIRMATION, STATUS) 
VALUES(3, 2, 5, 'Y', 'N', 2);

INSERT INTO ORDER_LIST(REQUESTS,SUPPLIER_ID,REQUESTER_ID,SUPPLIER_ACCEPTION,SERVICE_CONFIRMATION, STATUS) 
VALUES(5, 3, 1, 'N', 'Y', 4);

INSERT INTO ORDER_LIST(REQUESTS,SUPPLIER_ID,REQUESTER_ID,SUPPLIER_ACCEPTION,SERVICE_CONFIRMATION, STATUS) 
VALUES(4, 1, 4, 'Y', 'Y', 1);

INSERT INTO ORDER_LIST(REQUESTS,SUPPLIER_ID,REQUESTER_ID,SUPPLIER_ACCEPTION,SERVICE_CONFIRMATION, STATUS) 
VALUES(1, 2, 3, 'N', 'N', 2);

INSERT INTO ORDER_LIST(REQUESTS,SUPPLIER_ID,REQUESTER_ID,SUPPLIER_ACCEPTION,SERVICE_CONFIRMATION, STATUS) 
VALUES(3, 2, 5, 'Y', 'N', 3);

INSERT INTO ORDER_LIST(REQUESTS,SUPPLIER_ID,REQUESTER_ID,SUPPLIER_ACCEPTION,SERVICE_CONFIRMATION, STATUS) 
VALUES(5, 3, 1, 'N', 'Y', 4);

--time_ledger
INSERT INTO TIME_LEDGER (MEMBER_ID,TRANSACTION_TIME,DEPOSIT_VALUE,WITHDRAWAL_VALUE,BALANCE_VALUE,DESCRIPTION)
VALUES(1, '2018-11-11',100,0,100,'deposit');

INSERT INTO TIME_LEDGER (MEMBER_ID,TRANSACTION_TIME,DEPOSIT_VALUE,WITHDRAWAL_VALUE,BALANCE_VALUE,DESCRIPTION)
VALUES(1, '2018-11-11',50,150,0,'deposit');

INSERT INTO TIME_LEDGER (MEMBER_ID,TRANSACTION_TIME,DEPOSIT_VALUE,WITHDRAWAL_VALUE,BALANCE_VALUE,DESCRIPTION)
VALUES(2, '2018-11-11', 500, 500,0,'deposit');

INSERT INTO TIME_LEDGER (MEMBER_ID,TRANSACTION_TIME,DEPOSIT_VALUE,WITHDRAWAL_VALUE,BALANCE_VALUE,DESCRIPTION)
VALUES(3, '2018-12-10',300,0,300,'deposit');

INSERT INTO TIME_LEDGER (MEMBER_ID,TRANSACTION_TIME,DEPOSIT_VALUE,WITHDRAWAL_VALUE,BALANCE_VALUE,DESCRIPTION)
VALUES(3, '2018-12-10', 150, 0,450,'deposit');

INSERT INTO TIME_LEDGER (MEMBER_ID,TRANSACTION_TIME,DEPOSIT_VALUE,WITHDRAWAL_VALUE,BALANCE_VALUE,DESCRIPTION)
VALUES(4, '2018-12-10',300,0,300,'deposit');

INSERT INTO TIME_LEDGER (MEMBER_ID,TRANSACTION_TIME,DEPOSIT_VALUE,WITHDRAWAL_VALUE,BALANCE_VALUE,DESCRIPTION)
VALUES(3, '2018-12-11', 50, 0,500,'deposit');

INSERT INTO TIME_LEDGER (MEMBER_ID,TRANSACTION_TIME,DEPOSIT_VALUE,WITHDRAWAL_VALUE,BALANCE_VALUE,DESCRIPTION)
VALUES(1, '2018-12-11',300,0,300,'deposit');

INSERT INTO TIME_LEDGER (MEMBER_ID,TRANSACTION_TIME,DEPOSIT_VALUE,WITHDRAWAL_VALUE,BALANCE_VALUE,DESCRIPTION)
VALUES(1, '2018-12-11', 150, 0,450,'deposit');

INSERT INTO TIME_LEDGER (MEMBER_ID,TRANSACTION_TIME,DEPOSIT_VALUE,WITHDRAWAL_VALUE,BALANCE_VALUE,DESCRIPTION)
VALUES(4, '2018-12-12',0,300,0,'deposit');

INSERT INTO TIME_LEDGER (MEMBER_ID,TRANSACTION_TIME,DEPOSIT_VALUE,WITHDRAWAL_VALUE,BALANCE_VALUE,DESCRIPTION)
VALUES(1, '2018-12-12', 50, 0,500,'deposit');

INSERT INTO TIME_LEDGER (MEMBER_ID,TRANSACTION_TIME,DEPOSIT_VALUE,WITHDRAWAL_VALUE,BALANCE_VALUE,DESCRIPTION)
VALUES(2, '2018-12-12',300,0,300,'deposit');

INSERT INTO TIME_LEDGER (MEMBER_ID,TRANSACTION_TIME,DEPOSIT_VALUE,WITHDRAWAL_VALUE,BALANCE_VALUE,DESCRIPTION)
VALUES(2, '2018-12-12', 150, 0,450,'deposit');

INSERT INTO TIME_LEDGER (MEMBER_ID,TRANSACTION_TIME,DEPOSIT_VALUE,WITHDRAWAL_VALUE,BALANCE_VALUE,DESCRIPTION)
VALUES(4, '2018-12-12',300,0,300,'deposit');

INSERT INTO TIME_LEDGER (MEMBER_ID,TRANSACTION_TIME,DEPOSIT_VALUE,WITHDRAWAL_VALUE,BALANCE_VALUE,DESCRIPTION)
VALUES(2, '2018-12-13', 50, 0,500,'deposit');

INSERT INTO TIME_LEDGER (MEMBER_ID,TRANSACTION_TIME,DEPOSIT_VALUE,WITHDRAWAL_VALUE,BALANCE_VALUE,DESCRIPTION)
VALUES(1, '2018-12-14', 0, 500,0,'deposit');

INSERT INTO TIME_LEDGER (MEMBER_ID,TRANSACTION_TIME,DEPOSIT_VALUE,WITHDRAWAL_VALUE,BALANCE_VALUE,DESCRIPTION)
VALUES(2, '2018-12-14', 0, 500,0,'deposit');

INSERT INTO TIME_LEDGER (MEMBER_ID,TRANSACTION_TIME,DEPOSIT_VALUE,WITHDRAWAL_VALUE,BALANCE_VALUE,DESCRIPTION)
VALUES(3, '2018-12-14', 0, 500,0,'deposit');

INSERT INTO TIME_LEDGER (MEMBER_ID,TRANSACTION_TIME,DEPOSIT_VALUE,WITHDRAWAL_VALUE,BALANCE_VALUE,DESCRIPTION)
VALUES(4, '2018-12-14',0,300,0,'deposit');

--penalty

INSERT INTO PENALTY (order_list_id, member_id, update_date, description, status, penalty_time_value)
VALUES(2, 1, '2018-11-10', '缺席', 1 , 4);

INSERT INTO PENALTY (order_list_id, member_id, update_date, description, status, penalty_time_value)
VALUES(3, 2, '2018-11-10', '遲到1小時', 2 , 2);

INSERT INTO PENALTY (order_list_id, member_id, update_date, description, status, penalty_time_value)
VALUES(1, 3, '2018-11-10', '服務態度不佳', 3 ,0);

--donation

INSERT INTO DONATION(member_id,organization_id,value,donate_time) 
VALUES(1,123,10,'2018-11-6');

INSERT INTO DONATION(member_id,organization_id,value,donate_time) 
VALUES(2,1253,15,'2018-05-6');

INSERT INTO DONATION(member_id,organization_id,value,donate_time) 
VALUES(3,1243,3,'2018-10-6');